finding_id,path,classification,status,affected_metric,latest_source_date,latest_rendered_date,disposition_zh
ZMB-001,data/2317_master_v10.csv,AUTHORITY_SHADOW,QUARANTINE,FIN.*,2026Q1,N/A,禁止替代v9
ZMB-002,data/.2317_master_v9.csv.7uezwb8c,EDITOR_TEMP_TRACKED,QUARANTINE,NONE,N/A,N/A,無消費端
ZMB-003,data/.2317_master_v9.csv.mecfpn1b,EDITOR_TEMP_TRACKED,QUARANTINE,NONE,N/A,N/A,無消費端
ZMB-004,data/.CSV_AUTHORITY_MANIFEST.json.m6fbnqur,EDITOR_TEMP_TRACKED,QUARANTINE,MANIFEST,N/A,N/A,不得作manifest
ZMB-005,data/.CSV_AUTHORITY_MANIFEST.json.qrkyh_pn,EDITOR_TEMP_TRACKED,QUARANTINE,MANIFEST,N/A,N/A,不得作manifest
ZMB-006,ui/P1008_WARROOM_COMMAND_CENTER_v24.html,STALE_INITIAL_PAYLOAD,REMEDIATED,IC.*,2026-08-11,2025-05-25,舊值改N/A
ZMB-007,data/2317_daily_price.csv,SOURCE_STALE,DISPLAY_AS_OF,MKT/VAL,2026-08-11,2026-08-11,明示來源日期
ZMB-008,data/macro_snapshot.csv,SOURCE_STALE,OBSERVATION_ONLY,MACRO,2026-07-10,2026-07-10,不跨來源補值
ZMB-009,data/fx_trend_observations.csv,SOURCE_STALE,OBSERVATION_ONLY,FX,2026-07-27,2026-07-27,不跨來源補值
